username,diemqt,total_submissions,total_problems,total_assignments,total_final,total_score_status,avg_duration_seconds
00b6dd4fc7eb817e03708c532016ef30ce564a61,7.5,147,46,7,46,119,1142.3673469387754
00bef8afee8f3c595d535c9c03c490cac1a4f021,7.0,259,78,9,78,209,3210.5096525096524
01122b3ef7e59b84189e65985305f575d6bdf83c,9.0,195,66,7,67,175,2431.476923076923
013de369c439ab0ead8aa7da64423aa395a8be39,10.0,107,52,8,66,94,184.0373831775701
014c59c6433fd764a0b08de6ffeb757eaf60aa73,9.0,199,90,9,90,154,3222.3768844221104
0155f91fe242fe55e1af631b0f0afbe9938b185c,9.0,179,46,8,60,138,528.5027932960894
016f87a7bd87f233a8633fba8a1ca7ef5c3c63c1,8.0,364,78,10,77,306,2678.0714285714284
017ec1bbad0d598e5a86ac3bd595b870b6456e61,8.0,218,91,11,91,192,365.651376146789
01ad03ec301749c033155fc17e657cc767d447c8,7.0,271,72,12,74,218,5562.911439114391
020ef1c31cb4751bbfa1a88fba782db3c402e2fa,9.0,175,62,7,75,149,1066.5828571428572
020f253c343856ea875e959023e79fb1d4d9c0a3,10.0,3,2,1,2,3,128.33333333333334
0248e16d134e1bd5b4352701e1f23b904b7c4cdf,8.0,206,50,8,51,183,630.3883495145631
024af5e4f76c23e7f08616c60e595453e538a1ba,9.5,260,90,8,90,208,875.7269230769231
0297fd76b36e100882756e636bb03031255f57da,9.0,272,48,6,49,249,1519.485294117647
02c88d535d7393d30ce3338174d0a17ee7e8b8cc,9.0,177,71,5,71,165,1716.8587570621469
02f8a629f1a01a476de3944da2860d1c107f1b28,6.5,465,104,16,105,371,2291.7634408602157
0304aa9c12a1c900dcb4413c6a4ce40cc05b1696,9.5,145,59,5,59,134,1032.7448275862068
0306a80129ed6d5afadece8164929697bbbdea69,9.0,76,17,7,17,67,955.8026315789474
0341249377940c004d0823408ace7cddbddbc923,10.0,294,71,11,84,259,1502.078231292517
0367f82909c46a900501cc32d02b913923f75314,10.0,12,3,1,3,12,344.0833333333333
038dfa39ea11eb199e32e61fa4bd264d6d7ebc72,10.0,170,53,5,53,133,2529.758823529412
041dc9a457bc7a9f1dcb5b215aaa78a6868483f5,9.0,35,21,7,21,33,2864.428571428572
045792bbf5167d31c0064c8520d189a09f276502,9.0,214,71,5,71,170,3202.1728971962616
04d32bf7b10a238244d3e1acc3bcf53a449daf99,7.0,405,103,8,107,341,1668.6543209876545
04fea422f4b51279771239f896f7acb7224a2def,9.0,244,110,5,109,181,1134.2540983606557
04feabadb3e2d863eded075f541be8ff78d50474,7.5,199,81,12,82,174,2981.110552763819
052039d5c5915699359b1d549b36ea69330c0ac3,9.0,158,38,7,47,102,458.0379746835443
05203b8a827f60a7cbb49a7d04a0b45dae39fa8d,10.0,696,113,11,115,554,1363.0330459770114
05218d5a6d67f5c1d6305dffb907e940260304c1,9.0,343,104,6,108,296,882.0408163265306
0538762f44e8dfb07dc26c8c771f06080b9b2dee,8.0,120,41,6,44,103,2986.733333333333
056711f171807d5b28f83e7afeb3d7e18ec3a5d9,10.0,158,30,7,45,139,978.7215189873418
0577e3c1b0a6df46c7fef07f400b42811cc77250,9.5,418,107,11,107,359,2910.815789473684
057b868ab03f5596f4a8c2e579c401f2fe9a2dfe,8.0,41,22,9,21,40,2186.756097560976
05b134c1a682085880fb7ce76d221a48955e5b8a,9.0,235,55,9,73,169,1090.8127659574468
05b7c7d664702d3677ddbf5a03e976e24b16544c,8.0,167,64,4,64,107,197.79041916167665
05ed34d40112c0d0c446cb9c00fa6e14851a7aa1,7.5,351,55,9,58,258,1617.3019943019942
05f7b04136abf33daf80973c0942a91751222e1e,7.0,171,109,7,113,143,1396.7602339181287
0601ede7fba3727ac6cae3653b12cebafea42863,9.0,236,86,5,86,203,918.0762711864406
0603b8a222e368a7727190b2883c7ad7b96ce5ac,8.5,246,64,4,64,183,1506.081300813008
061a128e882272cd17340c8feb637cd0ff9e5dbf,7.5,195,79,13,80,163,1932.1128205128205
062e8c58d3f85428aeed19095d12dcab6806f2ac,7.0,189,57,9,57,155,1313.2486772486773
063c339a318b967ec77cd523f9ae4c62a7afa083,6.5,280,66,9,66,191,3237.0607142857143
06490d06037ae75484a0a36a7a46e126b0b49495,9.0,206,79,6,92,167,754.6213592233009
0659d0431565eaacdc601973560ee8331f910947,10.0,327,79,9,79,236,3875.547400611621
06b43a9d40f16603a72a6333318a5086b7bb7e12,8.0,276,91,10,91,229,2153.06884057971
070671333adf94dadc433fcafc872c6301dd0744,8.0,158,55,8,55,100,609.0253164556962
073de6e606b6b7f3f44a8e8301ee87c3c978a2e2,7.0,367,99,10,99,264,1801.0463215258856
076cc92aff4d582b4b87ff0d111496e4a646b12b,9.0,178,70,5,70,143,1734.5112359550562
0785a61c54bc37c6ddad3c02b29d1f9e15adf85b,10.0,173,57,4,57,138,1179.063583815029
0799ab89dacde8042474f7bfe75a739fd151b73d,10.0,39,20,7,20,33,1054.7948717948718
080df7c3716ee6b773c346c67056400fc235ffec,7.0,175,84,14,84,155,2949.6228571428574
081cbf0e54173c1b4c90be93a514521bc9c710fb,9.0,25,18,7,18,25,504.4
081f6737145108d2cfb3e432f03d59670bae3ded,6.5,307,44,7,45,242,2320.4918566775245
0821ac06ae77101d7dd9b8dd103f79ffa46657ab,7.0,54,20,5,20,48,1288.8703703703704
08399013cfa671c37b50b71ef25f1b2fd606c009,9.5,342,103,12,104,284,2293.4736842105262
08838c74dc4154d8f49b1408d27fb46ccb92d329,8.5,215,54,10,54,165,4111.088372093023
08b8ccf18df77b125fb5306e9ffb55ad284e1872,9.0,51,25,9,25,48,801.3137254901961
091ed1fe8fc042e202205f09f3d49a065c0f4da2,8.0,67,28,8,28,62,1314.641791044776
092370bceb84374c83ca09e8d8f93c837d923bc7,10.0,216,66,9,74,199,2206.6111111111118
09cbbae64d03af8ca53224aaef7657171ba27f50,8.0,29,20,4,20,28,2811.9655172413795
09cbe188b9d1e965edf6c1c46a96b9306ec2f329,9.5,560,104,10,104,311,2824.2910714285717
0a2c78cee9afdc522c5f0fae46937138f47b152b,9.0,128,22,2,22,63,2264.3359375
0a99205e11c0c6d86b348a926f693d6529e0210f,9.0,76,19,8,19,50,1333.921052631579
0a9b6ec3e82e8a2527b21eb3420a6d9b72f4f71e,8.0,233,62,8,63,213,2413.751072961373
0aad9682c3c4280eb05dbd27e6cab55f4b1ae4b4,10.0,18,9,2,9,13,204.11111111111111
0ac20d28419a43394bc94b257c7aab70e87f1675,9.5,179,51,7,51,137,1693.703910614525
0aee33404db5dc946de8c70be37c6e82582885c6,10.0,244,57,8,71,191,332.54918032786884
0af47eed4e0bd9c21637fc39db8fc17fedb6b1c0,7.5,200,101,10,101,148,3401.03
0aff6f7083979073168bbdd6c227015eb09eced9,6.0,126,43,5,43,107,946.3571428571428
0b066d297dd2f4288d95b0f4a92a8af79b542bf3,9.5,144,82,10,82,110,3438.75
0b18b1d653e0d031e1aee9129432b668c4264d3f,7.5,327,99,5,104,251,2910.706422018349
0b26c12ecc1bc4c1f127d5e6f6302b1b0b584faf,7.0,5,5,1,5,0,4843.0
0b4355398b9c16ac0a7f559752e83b655f5aa6c7,10.0,3,2,1,2,2,52.333333333333336
0ba5c041f797e8baecc5f32034046994b801cbcf,4.5,25,5,1,5,20,61.4
0bd2037bf68a97753e5e67ab55dac026a649f279,6.0,220,54,5,54,163,3766.5136363636366
0bd4c0cd006b55dbfa7806aa4b45926119ce9540,7.5,157,61,9,61,134,354.20382165605093
0bf71ee0dbde0fb1033887111d3094c61e66f44b,10.0,145,59,8,61,124,2456.0896551724136
0c67423aa82630d4406e9477bb7462db4df09c4d,8.0,439,68,9,69,379,3286.5535307517084
0c9cad573ea42e5a8d9058b834cbc9255128d54b,10.0,48,26,6,26,46,1460.9375
0cab57d7705bafe60116d29a1019a774cd661f02,10.0,212,100,10,100,171,2772.806603773585
0d05b13c0460dbd3e3e99537d6eb4665b0dd194b,8.0,157,78,9,78,149,2371.4904458598726
0d667a9fcdc7162fa7182f0e14302a56dbe700c5,5.0,80,17,4,17,49,197.9875
0dd138a9a2b0349ede3fee340cb02e40197aea3d,7.5,238,87,14,87,199,3072.77731092437
0de8af23bfda13f21ed67e41a5aace53ff8aef99,10.0,368,109,11,109,273,1292.5842391304348
0dfa65b4dafad47b15abbfd6c6ce1aeb213901cf,4.5,117,23,5,23,56,605.3076923076923
0e0d9e9f9bc2173402e77be7eaaaf0d562168009,6.5,86,21,3,21,65,1654.813953488372
0e346c62a6706465a1c49c59224eed1cdb5f7f5c,10.0,174,59,5,59,132,2328.425287356322
0e51dc16b3d9de6cbcada8abb58ddeddb448b6e8,10.0,311,97,5,97,195,777.3408360128617
0e63b2194be2efd4b5b5f2b6e2d77ac12aaadec3,10.0,2,1,1,1,1,12.0
0ee9ac569e379f04a42a18c88cca093ef1121ab8,9.0,62,17,6,17,59,2378.6774193548385
0f0664021ebbec70b1d3bb5a5419e22507179671,6.0,314,110,7,113,282,2970.929936305733
0f8c46242826be3cbe5e14f5773ee1da97697024,9.5,229,65,10,83,180,1231.7379912663755
0fbb7000a8fd1f413cd7a06ec7baf2b1f6eb493a,7.0,136,35,5,35,94,2300.720588235294
0fbef055915162cb6d6501558499544d6dedb799,9.0,52,34,9,34,52,1925.923076923077
0fc728b5b267485042d587eeac067b6c4e2a1d15,7.0,243,70,7,70,209,634.3786008230453
0fc74820b7bcdd23c196f494e7686305acbdc71e,9.5,122,43,5,43,95,1989.22131147541
1004df3c370eb09604c10fd89f9e86a2c037a7dd,9.0,87,29,2,29,67,3723.137931034483
10208a0e6cd46ed16c4fd6b83f3993696ace5495,9.0,131,61,4,61,116,2184.763358778626
10253729dc5e3b0b2d3dddc37638199910394daf,10.0,364,105,11,104,282,3782.304945054945
1032e725ab35f7bffc504759477f8243066a026b,9.0,163,50,4,50,131,2030.3926380368096
108f1062e8ab6d51f404e7f639e781edc9ae5eb2,10.0,185,53,4,53,128,597.7351351351351
10ab3b376215f6afcfc642ea66a50f92cf944717,10.0,2,1,1,1,2,729.0
10e3359db56b99eb2f621d7c875f3c26cdd01a64,9.5,291,91,11,91,207,3596.938144329897
110da1d7ba2be3ffa13d62c7ed8b917e5dcebece,10.0,62,36,5,36,53,90.87096774193547
1133fe0ca8444133bea1e55ef5b4026b5e8445fc,8.0,248,43,6,46,234,2328.2540322580644
117d3bf4a5deb7a9f3422f088e10bb3f8eeb7e12,8.5,243,89,16,93,201,3047.3991769547324
11f5d8226ebf0108a5a4ecad896a990ecb369247,5.0,65,23,4,23,49,859.6615384615385
11f61032ed64123d44a372930101fd5f3877e010,8.0,385,110,16,111,283,1900.2051948051949
11f93249faeb096567269266fbebfc3b0f6b5dc1,10.0,163,74,10,74,133,4657.208588957055
123c4ff5313ccf709b3bc4bd3365087685440c71,1.5,147,66,8,66,100,4873.9455782312925
12607a7c2283944afc08e1ce4df79ba688a31f74,7.0,552,107,6,111,464,1198.713768115942
1271071dc622e3a72b0ef187b6e955b9d59db5f8,7.5,83,19,5,19,46,72.51807228915662
127974170c7fb2e3945a3c5b666bb7f6dadc87ad,9.5,285,113,6,125,236,833.1719298245614
128ed4bebb12d030efad936db13d26a620bd620a,10.0,373,80,7,80,260,1454.9812332439678
12aa60fde9ce650c25faf60398d3c071cb80c1b4,7.5,425,111,5,111,331,2968.9223529411765
12d6e24985ac80a581968fb1f36d699e6dd1cd33,4.5,118,68,8,68,93,2949.6525423728813
12da07c3cca4f480a6064f7cbedaec11d677814a,7.0,104,59,5,59,87,4146.3557692307695
12f1e26c28f731fd2ad1787db42f4c13de432ea4,8.5,198,58,9,64,171,1507.2575757575758
13293554378a8a5f29de5440ab1c49003af0214a,9.0,301,71,12,80,271,1499.8239202657808
132d544dce1633485350dd582ed7f13fad5da3f4,8.0,19,12,5,12,18,1118.578947368421
1388c66d46212d87c084af2a8fdd0257444ce868,10.0,151,98,10,98,143,1634.3112582781455
139aa923bf965f373c678ba8c10f500d78269e20,10.0,260,70,11,78,228,3183.892307692308
13b9e4710dc86e953960ebd2fbae7721d24fdc2a,9.5,339,93,10,93,222,3440.902654867257
141e7bebd6db0745569c97910301a67c9962826e,8.5,300,76,10,83,237,2278.49
14354d2cff31b4330ad9e939b18cc8fce8c1c085,7.0,153,59,5,59,135,228.03267973856208
1438feeb138cf0a2ac3e5583f5caec35e3104234,10.0,178,47,6,47,159,1572.3426966292134
143fdbefc9ba427b841fbd52b7999b2a996562af,9.0,128,62,9,66,95,2260.46875
1466659761d4827040ac1226fa45ad172c4743a4,9.5,234,110,6,115,197,1293.8589743589744
14a29b0a13697ed0e000bdb9f374180ccb495a2c,6.5,222,95,14,96,150,3900.189189189189
14a493d035053a109eeeeb50a501d2b69a8ec429,7.5,473,113,6,118,279,4452.190274841438
14e9c7d5220ae70aadd1e37038e74bba41439d65,5.0,314,75,11,75,202,661.124203821656
155290f106d7951f353d1290f55d95a5a1535e90,10.0,51,14,7,12,37,143.54901960784315
1587f82c10e4a0f4241b317cba4fb5691bab07a1,7.0,217,98,5,101,191,2244.207373271889
165e4e596c3bdade64bf0bd2491fa8234015f0d2,8.0,256,100,7,104,216,1202.046875
16a221ec975ec0eb2fcf4acd69fe87281d585ca7,7.5,285,109,6,108,249,3279.361403508772
16b6e419367318f9a3a28439ae013d55638ba0d3,9.0,107,45,6,47,97,1125.6542056074766
172ed6401f9b9f97f6603c04fb2be3a83d495f12,6.5,154,55,4,55,100,634.2337662337662
17b62f15056932dddf225da7f5e30911e316f7ed,9.0,302,105,11,105,249,1349.549668874172
17ce312f66b2f6b7c5766e4d5cb1f7452aa20911,10.0,11,9,1,9,11,25.0
180a4c5f90b6d7bd4993c51385fb00b4d32d2834,10.0,12,1,1,1,9,355.9166666666667
18fc5492e3a88861f35c23bbb2805f724c1a135a,9.0,140,38,7,46,123,1991.6857142857143
191ba6c8fd27e676f8c2f5341bfaf487765fa0dd,9.0,55,24,7,24,50,2418.7636363636366
195aa2f618f1001a6ca4da0300dd8bb798013a73,9.0,338,110,5,110,302,1571.792899408284
19787a8ba9b724902ceb45f483190f766e9e291c,7.5,522,91,13,91,384,2427.932950191571
197914fcc84fa89dd136503225f5ecdbecb2600a,8.5,170,110,5,110,151,917.6529411764706
19bb25163e0a13d6d2b1606c92e1366ad7fd8341,9.0,225,72,5,72,153,1692.0355555555554
19fb6947af793def84e3b7ab4f867bd460ad1b73,9.0,46,24,8,24,43,3008.8695652173915
1a116d1e7d5af20a32ad9d0232b6803c70f7978d,9.0,233,91,11,91,199,1790.862660944206
1a4b69992c879b4e5f64e848ffdddc2f2f401e44,9.0,282,87,10,87,176,2050.617021276596
1a651a0e1038b173950ab2be4fb4b3016d617aa6,9.0,599,131,23,137,507,2255.754590984975
1a68900dd1fd8fa7892cc9450d53e991ca241785,10.0,7,5,1,4,7,85.14285714285714
1abf62f1e76bc5ac164061cff2a8171d6b6de657,7.0,749,116,7,127,415,3134.3765020026703
1ad3d49b185ea0e42354cd94ac86c60ae982616d,9.5,97,37,5,48,89,913.4329896907216
1ae3ba4f07f87302215a9b35d195bfbeef187ebc,9.0,311,112,7,119,250,1130.5434083601283
1b248f11648c9000f277a02dc5d4bea3800ba43a,7.0,60,39,6,41,48,778.1333333333333
1b30ad6d355a521cb70e2eff2efe28c3d2fcec9e,5.5,151,37,6,37,115,1286.158940397351
1bb7bc7fa80594c77e224e8f9632c765f26838e5,8.0,44,28,4,28,42,4434.090909090909
1bdf6175e8df831b083615bea765e48098904986,5.5,52,21,5,21,31,120.32692307692308
1bf00adb6ad4cfbed2cab01bf71398e1ed9db042,10.0,124,48,8,62,105,1578.032258064516
1c095c774d9d1d3a4ddcf533186e7146fdbf92a7,7.5,336,97,14,97,271,3111.116071428572
1c34dfe9c77773e6949a4d248b25897b3f78349d,8.0,156,62,9,63,136,2185.4166666666665
1c38445c67beb9a58777c87a9c059cea1ccf2223,10.0,26,15,3,15,22,1822.8461538461536
1c3928fd78413712a00cd78e6ec020b2cfc666fa,9.0,115,42,5,44,88,4766.408695652174
1cb262ad711450f9a6a0f5cf786788b17d2d481a,7.0,322,105,7,112,203,1778.1149068322982
1ccece483f66d68acf592f017c1b5ca6c682542a,10.0,22,7,2,7,21,2753.681818181818
1ce192d1bbeca43c01873d6cd5a6318f4050fa56,5.0,192,50,6,50,138,785.890625
1cfda392887d01754199fa5f5cecf6ea3c9b0fec,9.5,177,58,10,67,144,1187.9604519774011
1d1a20a6ce616a1b0780f5c86f1f6cf9f7c9a5ff,10.0,290,104,5,104,227,3176.3172413793104
1d2f411ed3ef95a96dea54ce6a09c0d0b65b6a7f,7.0,149,42,6,44,132,609.1946308724832
1d5ba7c1c8ab8d16890eeb1772560ab942c42003,10.0,94,21,7,20,85,3059.2127659574467
1d9024c71085dc3822bac092baef8b238c3b497f,7.5,309,93,14,94,220,3510.7087378640776
1db86260a9c5f649ae36ccd97c36920df2d51d20,10.0,9,2,1,2,6,86.55555555555556
1db8dc5d1005cd6d742fd9bfba759aeb2babab66,6.0,262,104,14,104,228,988.9007633587786
1dccadbfae8f0adb300cb239e727b2481e2b149e,10.0,34,11,2,11,30,1670.2058823529412
1de22c51fffa76f33c3a7698a3f7a9e6ab6be9ac,9.0,46,24,9,24,43,59.47826086956522
1e055a4ba4266c760d42cc958ce119d344f402f6,9.0,218,60,9,61,198,1688.9770642201836
1e09b1a5541a443716e68239b181fc116425a9b2,5.0,105,58,5,58,93,3231.190476190476
1e347993c7fb0053ac2a1b01b6b6c5a5fc3dad9d,7.0,230,104,6,107,201,4394.882608695652
1e48d7fffb4fbe08eec6151ce5b2378258d13aeb,5.5,170,61,4,61,132,1002.7764705882352
1e4b0ce4b171b3e33195524f6a6425a1b8f98597,8.0,169,63,7,63,114,835.6213017751479
1e59ca9160cbe32a3bebef6df4339e30a16d0dfd,9.5,194,83,8,84,160,790.5103092783505
1e6562ac23e7980dcf32fa8963837c68dafc906f,6.5,120,53,10,54,108,1332.8916666666669
1e87dd3db07a664f4eb34b7e0a3ac578ca8846f9,7.0,252,85,12,85,181,3793.5198412698414
1f15254ccdc062083c8f4e02523e18c2384dc6e1,9.0,414,116,8,120,380,2509.6038647343
1f641156e4298943167e0e1ad7a63696ff3bc17d,8.0,188,53,8,54,153,1248.5531914893618
1f7be2d565e2629c4ffe64c30c41252de69300c5,9.5,160,49,6,51,121,3197.6625
1f88d783ff0c3a19a1d34b4e45d71b4f9b14b976,9.5,278,112,6,117,237,2504.2697841726617
1fde2156c0969b0aebe55ebab7ad14f529a492cf,9.5,462,106,6,111,410,2600.183982683983
1fec28e4753dac81fb5354793029a3a2f81c7b7a,9.0,322,65,5,65,201,683.1459627329192
1ff3bf1f9353578bd902ce0b3879369b46c72640,0.0,3,3,1,3,3,6.0
2003e05bf78d3b5b7f672aa1d02ae3aa0537706b,8.0,277,106,16,107,235,1759.3176895306858
201b7f1b1071911915956b1d54f5b7e69a7d7cb3,8.0,163,41,6,41,112,649.4478527607362
20efb5f5c748870210f094db59aa50c4360d32cc,10.0,358,102,12,102,246,1897.5921787709497
213a1a52e92bd478f671a4e614a7ee5b82ea4b91,8.0,157,40,6,40,94,2741.1783439490446
213a48a8028d2dd6ed42c47be4588ac5a909076b,7.5,318,108,16,110,290,1764.2798742138364
21661552706810e470f97f098927a2b89d9b9eaa,7.0,308,100,12,100,196,1179.827922077922
216a3ccb8504db72c0b5ef227b00d61d2e2ec7be,9.5,142,46,5,46,112,705.0704225352113
2170453bef40f448016841b0ca5ad2e07143bf5a,8.5,219,73,10,73,187,2399.6392694063925
218191f4a8648e65ada28c23f52f578dec21cd98,10.0,96,49,7,52,79,189.13541666666663
21a401ad12c3345ca4c3210d5d3c69db10526b98,9.0,362,106,16,107,318,3492.8812154696134
21ab308abfa9829fcac76f8286d624afae8848aa,6.5,129,41,8,42,108,1108.7674418604652
2290b12e40983b7635bc452c3b6e00c80549220a,8.5,369,92,14,93,268,1413.2168021680218
2290d198e0649ef4dcfb6cd22d36d87969fb7bfb,10.0,142,63,5,60,119,1133.3309859154929
22deb5e56e580b0b0353f10e076cad95a3b8e631,10.0,307,114,12,117,286,2346.5798045602605
22e1f50c4e471c3ba307802b396b7d0a16706005,7.0,224,91,6,90,183,1632.6294642857142
232cce96362898f08e9150ba244adaf2d6583ab2,7.5,228,98,11,98,183,2791.184210526316
2396ff874216d36060ef615c0531d71684b30b4f,10.0,216,63,5,63,195,1513.0694444444443
23d64bbdd55f11cb1d617be60d7b5901c5fda2e6,6.0,308,107,15,111,235,3038.746753246753
23e8b9776a349c810234bb174f7326d14c89bce5,10.0,20,10,3,10,17,104.0
242788be909743713c5ade123c9f0b13cc4b2db6,7.5,6,4,1,4,6,141.83333333333334
2427d12cf7a43c66b921bdd9de261fb9b452b2b9,7.0,36,10,2,9,15,9349.944444444443
247df99ea72a42d6c12d6bd7b58ca0b2e163182e,8.5,250,94,10,94,179,2457.532
249c629226d7716b59d1841c45dbca54afe3c1a2,8.0,96,62,8,62,87,819.53125
24a9bfba88ed640e9690cd9f6bf4a2985f78522b,9.0,115,65,8,65,83,812.9565217391304
251d2672c6ecd01a83e6fa19483d8e57ef5f45a5,8.0,281,67,10,75,245,2315.1494661921706
253471036c41eba7c24bbb6e77d4541c95bbb5b7,8.5,46,25,3,24,40,758.1304347826087
2536ee746de2df68642ecf71037409e47fa1941c,9.5,96,46,5,46,79,2140.21875
254f59f316c0c9e98ce4d4ac6cb1718aef6d9f00,6.0,179,46,5,46,139,1578.340782122905
25501bb976f5234f69a8cb767dc5b4ab87a9021e,8.0,273,54,10,54,197,1928.8608058608056
2572a6a2ba5183ab68c3da80b69071a6a05c3b84,8.5,451,111,19,111,328,2905.461197339246
25fe3c7b5bf2d814b49ed3523b5a27c744ae5513,8.5,88,17,4,17,76,657.1363636363636
26227f631ff63a4f02f7d69bda90131df9bab5dc,9.0,176,89,6,92,151,2245.704545454545
263102b5e7fbad9de96373d99c0697d8db856bb0,9.5,6,2,1,2,4,202.16666666666663
26374d5fbb53e326323e8de92a0745452c1142cf,6.5,143,71,10,71,116,2630.776223776224
2639449829463fd12c2b9ba6fb9ea1c56e94385f,9.0,309,105,11,105,263,951.326860841424
2639f9f46c6949536c784118cbcd036cd00c075e,10.0,123,40,4,53,81,400.9024390243902
263d37689dbb1044d8118782303415a1eac550df,7.0,463,90,16,92,356,2588.112311015119
26b95825d4fbeaeda7cfab5f5e7cd96ae31097f9,8.5,236,46,7,47,200,1785.8135593220338
26bf2e6d5a634712af2f46b7057a83a4052ce9b9,8.5,208,43,6,45,169,2213.7451923076924
26c932032169ad849d274427dcbdcfb190f843d8,7.0,112,52,5,52,91,3272.464285714286
26cc2520b79b2222de0037a32fcaeb81c09f3002,9.0,80,22,7,22,72,1026.025
26cdb442f5361c690f8045caf5e026e7945e1965,7.5,235,86,11,86,175,325.74468085106383
271c95c3471c6588b4b9ccda962ce197fc94a9b1,9.0,150,102,6,107,132,1340.3666666666666
2785407c3fa2ce2c79a914657d9a4610ae1e5078,8.0,142,59,11,59,123,1207.112676056338
27ac09df014fc0454129c9953b06f2dd9b997fa9,10.0,243,67,10,75,217,3098.181069958848
27d6037b0e6ff9972c80bf6192062f3f2e8b076f,9.5,348,93,7,93,218,1771.0114942528735
2813d0ddc37e34a25e798ebf8c8ecb2fc659e8b7,8.5,157,88,5,88,131,2433.4267515923566
2826a109ddc9b90686ec063ba1f90c72c655f8e7,7.0,142,61,4,61,120,2814.345070422535
2852641e2b7b084ef62df976d53340ead50e5e76,9.0,108,77,7,77,90,1602.574074074074
286ccf0d6187c170c299fa64d15a3705e7900a33,9.0,187,77,6,82,152,1110.3957219251338
28940a6516bb354b4172fe3524f8b7328a5cf2fd,10.0,243,71,7,71,182,1548.053497942387
289a5bdde1fa9c49f221f19a10f636e81da724f5,9.0,244,94,6,95,204,1371.549180327869
28a0f5e69c747c78015cf8fb0eac804b9a733bb2,10.0,260,93,11,92,212,2879.369230769231
28a125bc7a4d79ba10eeb2abdaa878d46eea4b32,7.5,314,113,18,114,273,2698.0286624203823
28b6c6604b111cc912e369256cac2bf944041a2c,10.0,291,103,11,103,252,4849.72852233677
28bcffd0bfcfb54b43119a7b5397a3bb53278e9a,8.0,242,47,5,46,158,1211.780991735537
299ff5851760da9a9d8b8f218dc82b573a397d51,9.5,365,109,17,111,306,1948.383561643836
29a9c1bfe53383e21dc534379f5fd64c4efd4305,9.0,431,65,9,71,296,2782.1136890951275
29c9f517c368a528325a1e38b51adf368923bb04,9.0,185,70,5,70,159,3046.675675675676
29e04945ee56ed79c4e07198c0e66375428284de,10.0,151,59,5,59,129,2137.5033112582782
2a6a418be08d9f0184a804b2700a0d58950b219c,9.0,99,45,5,45,87,261.1818181818182
2a8f1b3e408879bc12a312938c32061d9e29a4e9,10.0,335,100,11,100,270,2550.3462686567163
2a9497dcb278dde20143d0cb9a57e5cdf3763a8e,9.0,496,116,10,145,422,597.241935483871
2ad77f650b2381bbdcc0011fe5d9bcffcb109831,7.5,360,113,6,113,267,583.8027777777778
2b1f3237bb60db7f72540e004a1596c7ff3fd549,9.0,315,104,11,104,258,1017.1396825396826
2b96fc96ee2e0090a42957d84ccd09cda2c72b74,9.0,33,12,1,12,25,281.7878787878788
2bae7a494d77c9c7cc0ccdc65a1915d25e31d2d5,9.5,489,125,12,133,395,1581.5869120654395
2bfadd9c6a7bdbdd1ae792e0225b799ee67453a5,7.0,256,104,6,107,221,4472.26171875
2c93a0edb553ae495ba9ca047361240c278f6cf8,10.0,210,44,5,44,106,1305.4
2cc30f03509be89ad3bfd483b2bd69c999798805,8.5,258,104,6,103,180,1503.0581395348838
2cd5132c3c49bd9d4d5081e386a4d69a593f850a,5.5,1022,108,16,111,787,1424.119373776908
2cddc42a00117daf32501cba07d6dc181de7ed24,10.0,8,2,1,2,8,2905.125
2d450fbabcb95dad1b49ce3a6c70ee6fd9ed6c68,8.0,264,60,9,67,222,1778.4166666666667
2d621dbbe38ec756f71d3d1ff5b1f2de707330be,10.0,204,91,7,91,182,1083.0441176470588
2e171212b96d4d95e0857baadfdc55455113dfc5,9.5,294,111,5,111,187,4646.159863945578
2e1dbf534b47dc518c2d4d577d312f6969d9e6b9,6.0,19,10,2,10,17,47.1578947368421
2e22e4cd67d6f2e9f70782c69e67f4d15bee7d1d,9.0,705,121,6,123,517,948.9404255319148
2e2fe98cf7d490aba85a3eba367d9512bac08ce2,9.0,228,65,9,65,197,4711.421052631579
2e8b47e527548d947c688069d4a5c60ed67ace19,8.0,22,8,4,8,21,2.772727272727273
2ebc44186d8093752e9c9ad97b67114006718300,7.0,317,104,6,108,255,2165.1230283911677
2ecfee45346013cf126b75cfc8bdd2ba3b0c2666,5.0,120,65,4,65,40,38.85
2f2abfea66cd61a09939960e751666a2c0913430,10.0,149,49,6,63,133,1796.9463087248323
2f465acb00ca28cf6a7ef4b71b4df1208eb8fc8c,10.0,222,67,12,75,190,1360.3468468468468
2f4cbc9afdd23132d572c5f7a81b4e9b19b8081d,9.5,151,60,11,60,120,3220.728476821192
2f7bdf97a5978e8b7a4b3f69a474540c0c38498e,1.5,77,22,3,22,62,1444.012987012987
2f7ef2d7fa25c0f8d9de0a5ca7301041b9d08e4d,9.5,309,96,7,96,235,2445.1132686084143
2f968a678a61cc1179708dc2820405e288ca9c67,6.0,4,3,2,3,4,156.5
2fa2244e6e21b8799c5210d92f8966838a43783e,9.0,325,114,5,114,287,1193.8523076923077
2fdf9d089409fcb9c3728b0a61bb0a00fcc85db8,9.0,573,74,14,96,441,743.9109947643979
2ffa1b41cbeda2e9683f9d608b9dccdc31323452,8.5,61,31,6,31,52,3107.2950819672133
301483d94b9efd8e7d95ca45979a6583215c1d58,10.0,247,98,11,98,205,3592.7773279352227
3015441ae521554bb4d04b1e3bad620170a43d79,8.5,409,106,12,106,338,2856.8630806845968
308b8bd2a17694ea81d601d025d5cb4ea6fc1fba,10.0,9,1,1,1,6,651.1111111111111
309abbd71d6dc57c03605bdc4ffe90dce74c4f10,7.5,104,32,7,32,80,178.90384615384616
30af7a50bb0bc62e730b65f59788dadf102d49b1,10.0,141,74,9,76,134,1077.9290780141844
315b83340476d3a8338543ccdc95dbc86bddb3ab,9.0,221,82,11,82,195,1826.4886877828053
32991cd9c0115e4bd4387c8fa3ed559f4eba345e,6.0,152,57,10,62,139,1475.671052631579
32b47658ae606bb95f1bbf1e1dc86accc255e926,10.0,330,107,11,107,241,2617.878787878788
32ccec47f44931be75b93c598cb145c4803be980,8.0,144,88,9,86,110,3633.631944444444
331639421af1df525391f1013c5363683efb9f68,9.0,237,63,4,63,174,1881.143459915612
334c7722802329509bf82a5cd7b4a38b5825cc42,7.0,271,104,13,105,245,2175.3357933579337
334f25ceeca6e440b1210f205c253cdc8d25942e,9.0,361,85,7,85,254,1579.9168975069251
3399fb9cc4f115ff1d6a41cf169d8ebd200c3418,10.0,259,101,10,101,191,4239.640926640926
33b16210a7736a6f75ef1b1f3cb7070a4d29395e,9.0,745,105,11,108,546,1300.6778523489934
33b6ac5e8631fb9ee19cfaf3dd4a93928d47bcc3,7.0,232,105,11,105,199,2611.396551724138
33c1babbdbffe79f6f16e085a78ebd0b2a7b3a65,8.0,241,71,12,74,207,1605.4647302904564
33c8bfb97b43132f0054b97a2ebb0f5f3768031d,9.0,199,59,7,62,185,1219.140703517588
33c9e776300c7de11e0736b069b8e5042372d418,9.0,276,67,10,75,252,1879.5760869565215
33ead7fc0a3cd59c67bb412d705c5f5b9cedccfe,8.5,482,118,6,124,354,529.7323651452282
34283eb36b1b51da5126f973e69199151b8f26c2,9.5,194,102,12,102,162,2498.7886597938145
346583cc308681a50145af444a26fb217df305c3,10.0,194,57,10,72,157,1657.1855670103091
3469c710d9f5a4ef230caca3f99b1ed21411732d,9.5,194,100,8,100,148,1585.8556701030927
347b6f40dbac97bd24c857f37744f2c4fd590cc8,9.0,149,64,9,69,132,4059.778523489933
34a00f81f528b38404f04d9a360e73fb17b62031,10.0,170,51,9,66,140,1807.6764705882356
34a187324e5c8bb2723a6f51a038acfef94a7538,9.5,327,52,7,55,273,1714.097859327217
34b6d0f0fe1617146945db60df615d0d9bb3a4d1,10.0,307,63,5,64,249,3379.0358306188923
34f6fd0da81e68652a26b633fcb7d4d4169e2e75,9.0,368,74,11,77,314,2254.5489130434785
34ffbe3d2820a74472b93e9dcabc0e17f75e779c,9.5,48,19,5,19,31,1483.2916666666667
357ec20d8f9f416f9b02b0f54a81d3f409d074e9,9.0,328,99,8,108,249,2466.4573170731705
358cf36e763ba00426124c74961d59614fd9476a,9.0,231,63,4,63,195,2206.696969696969
35cc3e4b8108e6eb405c96afabb167d6c0f9b50c,9.5,326,113,6,118,282,2295.3588957055213
363d3494b7918fffc4e59beed6c76eb7d05b2c64,4.5,196,84,11,84,164,1016.9744897959184
363f5d64f8c70c78376d1b5f9485511daa5a9d8c,5.5,279,38,7,43,228,2541.4551971326164
36a292355e4b31b866da368ac2bc7902a72d4db2,10.0,153,53,5,53,112,1481.5098039215686
36f6af52bd08c15b005618724931a558fa7049f6,8.0,186,50,4,50,136,1536.8817204301076
370a904c5a7deb4ae08f111c87564b0180d572b4,0.0,30,13,5,13,19,906.4666666666668
371922831538deb39791562bd384acdf91531999,7.5,63,29,7,29,50,1184.6031746031747
374725662b17c0d200a5d372579406bb4d830bb5,5.5,279,84,12,85,215,1806.727598566308
37593f2cd1d978efb79e32ed6981b74ad8523ebd,10.0,434,105,11,105,357,4239.239631336405
37fd8930995a4978e8378d28a84e0aaf3ad85c2d,9.5,161,74,9,74,140,3342.7329192546586
37ff40068998a37a4e2c73bbb325103500cdb0e0,9.0,95,51,5,51,88,733.6105263157895
3822d529be3c7a49da411682207b471d61822610,9.0,205,57,10,72,176,804.9073170731707
38397f1c58351146edd1787b0501bbdb31834abd,7.0,111,43,6,46,97,141.14414414414415
3841fabcde0188d8dc9b3060cacffafa3450ec85,6.0,348,115,7,132,304,1133.2959770114942
3853851c5433317284f37cd530d642560effc35a,7.5,231,74,9,74,181,809.2597402597403
3886b365ce33e5988c6c8a73eed09ac8a7c784bf,9.5,589,99,11,99,444,1194.9269949066213
388c0aed9f437cb576f998892257a1a9410d1a2e,9.0,608,63,4,63,367,758.4111842105264
390881963c5fbcde08d9cbc2ec73846bd8eabaa2,6.5,239,95,13,95,180,2693.610878661088
391d18cff3df066db6fcc8dad718d325607e5493,9.0,274,59,5,59,183,2620.463503649635
3949c822529f6d98d518b762c7b49b030685ddda,6.0,285,76,12,77,223,2065.733333333333
394f4eb7fa3337f92a1148e8e9ba1727995bc8f5,9.0,12,7,4,7,12,2.833333333333333
3954b15205238530f2cb3b66db735fad6d0c8fda,10.0,170,61,9,76,138,1610.2176470588236
39ab839c37c0269b14691b473ad894ba12e1afbc,6.5,202,84,12,89,188,2639.910891089109
39abf25961f2094474ac7c9d9d85735ecfaa10f8,5.0,7,1,1,1,0,1.0
3a1431fdc38caa2d40fdd0df60f76683af53a729,10.0,340,69,12,80,302,1712.097058823529
3a25a7b40408f3636b36d763cadc72c5ae6b628e,8.0,222,87,10,87,180,3594.5675675675675
3a27f4f6ce9cc005a8f1a5f7441d26db75c9cd2c,10.0,262,94,11,97,216,1494.4809160305344
3a3cf426569ff3ed1638fefb8d0a7bca73e0bdb7,7.0,81,29,2,29,58,946.506172839506
3b0e56cb91cf7c26836c7fe857ef2fef62c2031f,8.5,6,2,1,2,5,291.8333333333333
3b24016cbab8b8632a54240fed0a17406b35bc65,9.5,438,69,10,77,322,2425.518264840183
3b3559f14b77090ee6063be193efe80b19bcc591,8.5,692,100,11,100,514,1680.1748554913297
3b5d744051772f15e4bc3167d749711fa798b0c1,5.0,70,32,5,34,60,2204.942857142857
3b951429b4166a9149480e360687549e1069a209,4.5,150,46,7,47,141,885.0066666666667
3bdad6ba65de3948b9939ebd98d80b03fe3f8e93,6.0,328,82,14,83,240,1835.1128048780488
3be1500e597852e42bb7fe17591b933e0bb44f93,7.5,110,54,5,54,95,2012.8818181818183
3c499f0944773b5ae529a4356d92df5ce8ca7c0c,10.0,272,54,5,54,203,1383.3125
3caf61bb383eed4daa553e074208e84cdbdd7df0,9.0,135,21,7,21,123,2035.2074074074076
3cde31c0a8378da5d6c2767652ec108deb9135a6,10.0,388,116,12,117,315,2344.4845360824743
3d085aa7161eb03884e0a1e98d90f8d46e030d1a,9.0,237,61,4,61,168,2329.0801687763715
3d0c27e5e776d4ebe788c50a8da1a1c9215ae25a,9.0,137,71,5,76,118,821.8613138686131
3d185c0c28fcae1ca2f5876a8e2e6681b38e5af7,10.0,154,52,9,67,131,502.2402597402597
3d1c486e68c08c272379fe7eeec4d38e75f54ae8,9.0,135,53,4,53,99,61.88148148148148
3d8d3a121d5e9126056c0676ac7ad2661696a572,8.5,269,93,14,93,208,860.7583643122676
3d8d550e8b7d9a0629bdd8e0ae73f8f0ac74b1a6,9.5,75,44,6,46,68,2354.7066666666665
3d9b6ed975620e48ca0a5aee5fd19f5db1db3b18,9.5,243,74,10,76,236,1464.3868312757202
3d9f8d11f15cce877a0766d08a6a920548041407,9.0,174,104,11,104,152,3634.114942528736
3dd2f099bd4cba1acad185a78c773972d450a899,10.0,341,97,11,97,272,1385.815249266862
3e19ebd05fd2cc465feff2f681011181a78e1341,10.0,99,46,10,46,63,266.2121212121212
3e572871d05f7888784ac55985fd52cd1c7aaa68,8.0,136,60,8,63,102,1644.6911764705883
3e72f16a86233e81ccc2c9831c0297da6cca36e6,7.5,302,103,16,104,246,2865.5132450331125
3ee8b93a31b564cdb14f3d62f08dd862461e0918,8.5,261,76,6,76,176,218.80842911877397
3f679f9f5c3b6c2a026bc0575cf7d5f3351a8db1,5.5,232,99,15,99,207,2700.508620689656
3f92f0a8c1729579c08e921fc041646ee2b50075,6.0,183,80,12,80,116,573.75956284153
3fb53c585faf97ed5b0ecb316a4b419c969b790a,9.0,104,57,5,62,87,1872.7403846153843
3fcc971a36a031eba3d5b8ce7a9181a4732a6cf0,8.5,201,89,5,94,174,1385.3432835820895
40291da6897472b56a7ce6a0721a801b5014d3c7,7.5,436,77,13,78,298,3375.7454128440368
404b067bd1dc212fb28d256714a9dc430d5e65af,9.5,199,64,9,65,187,2288.266331658292
4058bd26eee2f8affafaefd2b59b97c358e826cc,7.0,302,100,6,103,246,2609.82119205298
4069b40bebe0372926fcd92429f7431e300e6b52,9.0,249,119,19,119,214,2187.2289156626507
40741b5b2ac93f9d0eacd4a28b48508be0a378f9,5.5,106,35,9,35,67,2230.0943396226417
40a41a33c4e0168e2716a09cecc11cc3abb5dbe0,10.0,13,2,2,1,10,1565.0
40c0843e6cba7960b4a4fc631d0831b9242a9778,8.5,41,29,6,29,29,6470.90243902439
40d6052a7ccec94dae8348e5249381afabbbc985,9.0,154,61,10,68,122,2508.0584415584417
40db6a6bd27b7f2fccb0ab0e4b97b2e64d5e79a2,0.0,319,53,9,66,231,1319.501567398119
41438ca9420c379467e8ca3456fc003d76bc99e2,10.0,294,95,10,95,233,2236.0850340136053
414a76fbb610cfb396dc7177dfe67944fd7175f2,9.0,210,64,7,63,173,1616.1380952380953
4178750f206a91c5b1cf0c5ac6a4021d23912736,9.0,122,38,5,38,92,678.2786885245902
41834c311cf35264cb9e6357eae499b95edb73b5,8.5,450,102,11,102,370,1567.1955555555555
41c2ea992ebadf309d399ecabb99fba4487e2920,9.0,198,71,5,71,161,2449.7020202020203
4203f7e50c4e403622aeb1b6d39ca45285510aa8,9.0,407,72,10,73,347,3444.815724815725
42510054a233b7b56beccee99fdd4543c3cff388,8.0,266,59,5,59,202,1331.154135338346
42fedf0a6f68d54738709e096f9352ccb17dc072,9.0,263,87,10,87,216,1950.532319391635
440a4bdda60ec044e91b9e5ee5c478c20bbbaf7e,7.0,348,102,7,116,289,1713.3419540229886
440e56298b04156381c3f648f175b8697135845b,9.5,186,64,10,64,139,3716.440860215054
442024511cb1c5761a86578910e28f236daceb2e,9.5,261,107,6,111,201,1132.9157088122606
44327e7dea2e5f69fea97c9333f7cd64484303c5,10.0,12,8,1,7,10,25.166666666666668
44557bbbb5013bd2d980dff1f4b5f6b47cb1363d,9.0,53,26,6,26,51,475.9622641509434
4455e671bb93d6652e42fc0925b3cc47cbf6326a,10.0,97,48,6,48,91,8491.051546391753
448866b737d07d7d184e7c1111b8f50d1b8fe91b,7.0,104,48,15,48,82,793.1923076923077
448e09eb2299c7bc3435e9a680e5e7e81b6d732f,8.0,37,18,6,18,35,2636.45945945946
44ede8e2b591b3b54fc25469d50e442459da73f6,9.0,183,70,5,70,168,742.1857923497267
45147b7f31a588b0c4245845675f7856f4dfae30,9.0,101,34,5,34,65,373.6930693069307
4528fc0fa6d591a221aba2cd316264877b73bbb9,5.0,57,20,3,20,20,2741.6140350877195
454c509567c0f19453009731315e3db245a8c756,10.0,278,98,11,98,212,3245.4028776978416
456ba3f2e4bccbd1146955cb3f0438260a04f7ff,6.0,93,59,3,59,83,1225.6236559139784
4586b41a1f104874583010a544bdd65113d2666c,10.0,136,56,9,71,116,1258.014705882353
45e8b53fe4fc590dd9c7564fe2c6fa3ede58fbea,9.0,738,113,5,114,567,1511.7845528455284
463ef2266d31ca7f0bca92bfcc9ae7301addb58b,7.0,109,46,9,52,93,1173.48623853211
4644e181d653c04f17f76eed400fdf52a43b2237,10.0,1,1,1,1,1,52.0
469c5d7634f0e3277f7bc8edfb3d9eb291fc6199,10.0,296,112,12,112,254,1636.391891891892
46bd0614cd76a4fa3af7d06e5feae3db673a43a1,8.5,125,43,8,44,105,714.008
46c1ebc62f7d6b099a6696755c9be3b984d2a27a,8.5,241,104,11,104,193,4104.261410788382
46c49850a9aa3be9f66161090ac1f0a8796b19ff,7.0,119,54,8,58,98,2447.126050420168
470647470caa15468e461e105a8ecd3b25a912f0,7.5,139,45,6,45,109,253.84892086330936
47aceb292c673f98f059ec36af314cb1c8894405,10.0,138,43,6,45,124,1357.572463768116
47af18d4bbc37e11d2c5130faaa8b2da3dba64ca,5.0,114,38,4,38,103,933.7105263157896
47b12b77df06d36f3a51ad5cc5f0dff47ddc9103,10.0,226,98,10,98,208,3547.814159292036
47d128f1f6010bd042dda2bcc68d710956fdb74f,9.0,400,116,7,133,304,2311.18
47e01709f5df0b8793de34e70e8ddd9f8aa16d60,8.5,318,102,11,102,255,3194.194968553459
47e1eb91096f9e59b0faf185a88d41343c073d83,8.0,203,84,6,84,142,1082.5024630541873
4875a2f817d7d08aa0437c70c33eb2c3e8c20d65,7.0,164,104,7,109,152,2873.1158536585367
48832ca57fb72952c11805aa0975c2273273ba58,5.0,140,41,4,41,91,394.8928571428572
491ae8a65839fc737fb2c3e6ed06b990c7f36dea,8.5,225,76,4,75,134,1068.4622222222222
4932174dcf0408a7eb862930c9c6be33d30825a6,10.0,1,1,1,1,1,11.0
49428bbbf72ee0208d581e31efb1db2dca5605f4,6.0,93,39,6,41,76,2508.043010752688
494ceabf1266854738ca9832b601000a8a3cde24,1.0,161,34,6,34,109,1527.5093167701864
495933d0ca16d77c1ef1587e29f5477513109a5c,9.0,331,110,5,110,226,2458.4833836858006
495a7aa30e85503d9a2027af83cd32af0eb7b030,10.0,2,2,1,2,2,15.5
49a4785cf7286dbb18206e3847f164b1af1907ed,9.0,111,62,7,62,87,1576.5315315315315
49d11fa2e8d68ac09ecdacb94a96c95c95205ff9,8.0,231,103,6,106,193,3391.65367965368
49da363dc17a0db86c70a20f515608629bced9ed,2.5,108,43,7,46,75,3577.814814814815
4a0f49c2a5e9766ab2ea0aea95a12b763faff0a0,7.5,165,63,10,64,129,1140.1151515151514
4a2ccd362270a02afdf8a1647576ba56a525fec8,8.0,233,83,10,83,186,2140.8884120171674
4a8923bdd6d76861d91dce4b2670c04da6b45350,9.0,204,71,5,71,166,2751.343137254902
4ae698929993e35feef8c07911edb16212f5cf4d,9.0,127,53,4,53,87,398.3543307086614
4b09f1427ce0578515148e3300abcaf95ff3511a,6.0,78,38,4,38,57,183.48717948717947
4b3052a36e3e54cb3458984b0ffe5f2808445353,9.0,23,13,3,13,17,178.30434782608697
4b8a55e82d9825fa7440b91e638577957567752d,7.5,193,73,9,73,146,874.0725388601036
4bb463f3e32f05b9a1e323adc2a51603dabc75bc,7.5,88,42,7,42,79,169.98863636363637
4bed6361746e48435a9be358a5bbeba59696ab7d,10.0,148,61,4,61,135,2144.9797297297296
4bee553c59acf1a22de81ef5c794c44f6371da0a,9.5,117,46,7,47,105,2639.153846153846
4c0740a4fccc2e15f52d77bbaceccfc1ffe309c2,10.0,242,105,11,105,208,2597.1735537190084
4c390fed4ec7007f13b91f39d3d4d9ed101299c6,2.0,196,29,4,29,119,1105.311224489796
4c67cde88abaa3210919405fdb1b202dec23b08c,10.0,143,61,4,61,129,1351.979020979021
4cc8a421bf0c776aae86c3838ed759171d4cee50,8.0,2,2,1,2,0,13192.0
4cd092562ee4a06eb01e8bd1e9cb7e169fc38c92,9.5,268,73,10,75,253,2922.324626865672
4cd7de9870e18e6ea8acbc2efb5f4fe9c051b09b,8.0,43,24,10,24,32,54.97674418604651
4d234ae70fe14c2d32bfa01c0ca7cefc47d68703,9.0,204,43,6,45,175,3853.352941176471
4d38a6fd027c342a0719d9e7d0f6bd3e820a238a,8.0,283,64,6,64,235,2207.6254416961133
4d3eb0a9c08fa8d2fb11d00af22f7d582f106019,9.5,347,108,6,113,274,1842.7262247838617
4d5d641551d82c1f733620b5d8ea4359ba376593,9.0,44,22,8,22,37,1140.6363636363635
4d5f92f22244e37d20f783e571539a2d2e4e58d8,6.0,178,72,11,72,132,1776.612359550562
4d9d9337a0bc50984b35ecd772dee54b88ade32f,7.5,129,39,8,39,96,885.1085271317829
4db33a107c9a32cf80e08c941fd2c87888e8de8e,8.5,160,62,9,62,137,3831.225
4dbe8c25b64077b21bf5cd971f115f2e32109c44,8.0,122,68,8,67,93,1688.385245901639
4df0acd4131767bb6aec6c0eba0deedb4c246125,9.5,451,114,7,118,385,1110.4478935698448
4e1cce9ed2c3033338382d755820b85faec9a7b3,9.0,322,91,6,92,260,508.32608695652175
4e3603a6303b1bb5fb0ec4a0d8ec39ae3e0afe0f,8.0,229,97,11,97,199,3772.868995633188
4e662a9d37f64c95e5cd3e85d2d5f0d5be60d20b,9.0,329,106,12,106,237,4113.823708206687
4e718fe3c25329ccd0f4f138375f9099d81cd7c1,9.5,243,67,10,74,201,2785.222222222222
4e895c502e5446c21dfe7fd758e1336d2e66ace1,8.5,406,99,15,100,349,1804.320197044335
4e8a3d6c3bb0e0df7e39e93b9266737cda041fed,9.0,324,67,9,75,257,1236.4228395061727
4ecc68ce80251f0f7ed752443a85e54028a20d08,7.0,225,102,6,105,162,4546.511111111111
4ef92a2d691e24dbfc22f9e0e4a6bee899ccf849,8.0,141,92,5,92,115,106.07801418439716
4f0784758f47badc4dc66910c529236f8a45bf3f,10.0,98,51,4,51,71,1235.1734693877552
4f12a32bbef137a864b199061b62d35b4002e6bd,10.0,282,65,9,72,237,1340.6382978723404
4f7428b95565a938b2562be952beae6d6983f32e,10.0,223,69,9,70,213,2570.385650224215
4ff3fa101f0b4c9777b996d2e1b338a529eedb6b,8.0,23,13,5,13,21,4095.086956521739
501f6ef9ac0e3eaee34c2357da968672bafbff95,9.0,280,114,5,114,238,1773.0035714285714
502430aa4e945c0273cf3a6f35b982cef7067ad1,9.0,185,63,4,62,164,1752.7135135135136
502b640d7a4830b10924009c39b4dd34a4c600cb,9.5,363,104,11,104,270,3681.380165289256
503affec12fb99997f583ed73b60262572694795,10.0,1,1,1,1,1,9.0
5055b8d5ef881bdbac3ff865d6f97249b0aa4bbc,9.0,133,54,14,56,126,2618.308270676692
505fea7b24ccbd0e28b51099a1e89ee317605916,10.0,250,76,12,85,226,278.268
5066b74051c3f9ac880db30439338aaa8fb1c7fc,9.0,141,48,8,54,114,1446.9078014184397
50708257bf26f0b517a6fa6acaa444d13f6006fc,10.0,31,17,6,17,31,201.4516129032258
50779b692cc73e3ba24df84db11b8e2bbb062591,9.0,48,21,7,21,47,3910.2083333333335
5087b52a3ea36e6b24f13b867546d94cac05b299,6.5,256,58,4,58,131,1398.23828125
50efa6979b217c6f12b5fa0990d669c499e6d2b6,9.5,223,105,6,114,201,1056.7354260089687
50fd8f5bcd24b3b8ba8c450de77819037cfd6583,6.0,150,104,6,107,141,2218.96
51501acd2a7cda8d6f25524e34d6e3dd3c6088ee,9.5,397,131,12,131,299,1597.1360201511336
5160b3f7714c45d60c100dd658c543831e390713,5.0,42,16,5,16,26,164.92857142857142
52011a00e43fa9e527dd0b121ddd133547981b24,7.0,138,98,5,101,121,728.3333333333334
5217ebf6230ffeecc7da9c9043cd1e484c78509b,8.5,283,119,6,120,232,1243.9116607773851
52292d33bf302f4cc04f07ef928db72b2736c06d,10.0,216,106,11,106,145,3887.884259259259
52d6dd781d58e55171ace76bdfffe7181f5a916e,8.0,194,65,4,65,148,3083.7938144329896
52f3954a2463ca97c884b6ad6d89f8fcc91696b0,10.0,319,91,8,92,240,1981.457680250784
530d2bc8c65a9815a0b2c7dcfc98866f760b433c,7.0,316,103,7,106,294,2228.0
533bff0c4073c53de80f7b88a1ecda9ac3878893,8.0,73,18,2,18,56,352.54794520547944
536602cb1404169f62436284f9cdba1a7b21c7ae,9.0,324,109,6,114,256,1533.5586419753083
5389d34e45392c6d5e8596d686b06d853e1ed696,9.0,176,76,8,77,130,362.59090909090907
53b56263b633c2be1e87243fd37356c924eb9a4e,9.0,27,17,5,17,27,256.44444444444446
54d144dbc7891709d9bac5db5ee19a761a768c1f,9.5,38,23,1,23,29,4546.131578947368
5504396737eadc63295f751ebf765c22b35b23db,9.0,13,10,4,10,12,35.30769230769231
55095065546685ff2d583779d38978a2c0132ccc,10.0,137,59,5,59,118,1981.1605839416056
55664bd6d6073e97a98788e3f319eb36662f29f8,9.0,144,81,12,81,133,1443.111111111111
5612b36a1b2a4d596254bc506f503c7c94f82950,10.0,3,2,1,2,1,7.333333333333333
56925a416739348e2099293f2c91fd7c6c186d99,10.0,89,58,9,58,82,8596.494382022473
56a326e7e14e72020e3e0ca3f329baebc245b3f1,8.0,58,28,3,28,54,670.1724137931035
56b3554a4a43514e497a667b0efee344df2ed21c,8.5,645,123,20,125,513,1504.2744186046511
56df019984fc7a155fc18b5c4ecd2f52c497693e,3.5,77,63,7,63,69,1093.5844155844156
573b114e6e803fdee6f8c4dec2edd8fd37bbecc0,10.0,115,45,7,59,89,2865.826086956521
57421dc59c1514a7edc7708657e57a6439e88585,7.5,198,69,13,69,158,999.6262626262626
5776c4c0f98d7aadc199a8f60beab826403cf54b,7.0,89,31,6,30,64,913.4606741573034
57a3b9aacc40db600c87c8b2cf110418021388d1,7.0,253,60,12,61,189,2245.415019762846
57a668ff1e3df5afc4e593bbbbc39e9eae0a940c,8.5,128,61,6,61,119,124.234375
57b547211651511366a63249605b9b9f4a9c3e9c,8.5,357,89,12,90,259,2442.344537815126
5822ad8b0277c775adf78b39385d63e7878b1069,5.0,241,58,5,58,194,1231.2946058091286
582e4849c0e5208206789a186892a4f7ce9c11f9,7.5,232,42,6,43,153,2731.573275862069
5832a6cbeea8c9e6efb82a284e135cc58f201920,9.5,307,91,10,91,252,4723.661237785016
58616da3cef2b76fe70a90919a689b8f38ce0030,8.5,119,29,6,31,95,698.5546218487395
58a95bac37747ee4fd0e321770a89477f49492a3,10.0,304,116,12,118,263,4438.269736842105
58ab0634383006fc63de206822832e26d4c06c3f,10.0,123,43,6,59,89,1980.739837398374
58dfdda4538b55efcc287512b508d9fa2638028d,6.0,258,91,14,91,190,2340.6356589147285
58f61331a385caeed17baaf54abea308426d50fe,9.5,833,110,5,109,525,1689.2629051620647
597484c12788a0febfb255aabf5f08df62469313,4.0,68,22,3,22,47,1692.1029411764705
598a40125a414f949647ee201ecbe39553bedb6a,10.0,15,4,1,4,10,19.8
598ab55ef7a383e76268b59d877afbc86fff2178,7.5,262,93,15,97,226,1502.0992366412213
598ceb16f7935dd1dada8de4441690df8cdc9e29,10.0,153,59,5,59,133,2666.40522875817
59b2a9ae92876d8ce54309fe82bb92d7cffbc794,0.0,62,36,4,45,55,627.9354838709677
59ee572da4b7c6d711c46542482cc65bdee55648,10.0,75,6,1,6,69,2801.7066666666665
59f38d3a08147f85dd15c761489d7e3753cb585d,8.0,131,65,4,65,108,4994.381679389313
5a3141c7f984f3d6c41f632f6fb689378267bd51,10.0,384,68,5,68,283,2348.8203125
5a5c99822d76f4f6f1f90521f4c1f1d5e53590a1,9.0,246,62,4,62,170,1224.9512195121952
5a70a8f9f1dac45c7332db8230f0a8a77208507b,10.0,281,97,10,97,182,1504.7010676156583
5a7424ce2a160cc7bcb097b51942e1e1ce68ddb1,5.5,297,85,15,85,231,1259.989898989899
5a855637085d9d212518c84446e98888f0667f2e,9.0,396,118,6,119,327,1162.4368686868686
5af239a466d0a8e17a8daf66709fded23576c37d,4.5,240,96,11,99,204,3462.3125
5b0ac0ebdcb3aaed7a9a3aa2f9c11919ccce9555,8.5,146,73,9,73,117,3621.77397260274
5b30abfc32d4c33257f7cd949641935527dd4a42,6.0,259,106,6,109,204,3710.868725868726
5b49681d3b05fba0fa5978673a6d871011186bce,10.0,165,70,6,69,142,2670.830303030303
5b49ef6e8a438750ee1aa79f7ef846fcb7ca2005,9.0,188,57,9,64,129,2416.8297872340427
5b7541b552024e94b0be876cdb63b69cf3f829d1,8.0,253,102,6,105,207,5658.97628458498
5b8aca58cb2c7cbcbb8918f50669eb821d5a7fad,9.0,125,45,5,45,92,2158.56
5baedd7fbc5ed01efdd5a078f7b3809491ac1722,6.5,215,79,14,79,164,4294.325581395349
5c8d3dd9026554402b67ab061544d47532898f6f,9.5,404,105,12,105,300,1961.7821782178216
5ca41a01a0d23780fcc2f122f7303701eb991a4e,9.0,283,102,13,102,248,1934.7809187279152
5cc1caec2eb0968d6d30a6f95dd41d04e80c3f2c,10.0,2,2,1,2,2,10.5
5d2a4450b9548913c0ae383640f67de8ca10edad,9.0,190,50,7,52,161,728.7210526315789
5d7aa061832e40bec792c52ef42de898a5045a1b,9.0,423,112,5,113,336,2733.813238770685
5dc71a85b12614f2b7b995f3b9482d48f8e289e4,9.0,85,37,5,39,75,1154.5647058823529
5e030103a9bd01aba1285730aa1bce7cc90f7bf4,9.5,345,120,16,121,311,3413.342028985507
5e092e334855a0d8739d53c39798bb26f3376959,10.0,247,74,6,74,227,2143.331983805668
5e3ff61182b7e63c5f353b54a15e95069e670f10,8.5,124,74,9,73,87,1465.145161290323
5e4d0a4d83e5724fd92e13da6474090be3593639,9.0,183,41,6,41,136,1638.0109289617487
5e5064a233c1402d302af4de9a442f32c934da4f,7.0,275,112,17,112,244,2280.036363636364
5e6c70b4de90c2415359c22c351d8b827d22886c,8.0,250,102,17,105,196,2061.932
5e854d8ecfe5f767abb76d3ce56b6bcf495047eb,9.5,252,108,6,113,219,2383.6984126984125
5ea5bb39e36dd3e81ece42b2d6e19d0ed5150740,9.5,104,30,5,36,78,1770.826923076923
5ebe95d992ea2c39c13123c6174d22b6945291bb,7.0,206,68,5,74,162,470.22330097087377
5ed610bb14c3c7ebe34cf855871da13009ddf3f0,8.0,181,62,8,68,152,2089.403314917127
5ed8bcf8dcd1652c4a4bd0fc8197aaa54fca572b,10.0,226,65,11,65,186,1485.4557522123894
5eebebef2194643799de3dbdbb098cffa856d37d,10.0,355,59,5,59,258,1634.0338028169017
5eecd9dc3fe216cd45a2194e5f1a1d472a3fec56,9.0,498,107,7,124,375,2089.8413654618475
5f8dfe6855d546a89ee51fdc47f1e3a135f1edf8,10.0,513,111,7,124,463,1976.4269005847952
5faefa46d05d32e90b97c1cc9260bacd6c2f45de,9.0,296,65,10,72,252,2604.175675675676
5fbcd4642d21aaa8ade10f9e23e70012e2b4afe0,8.0,64,37,5,39,62,5613.328125
603ee97d90e36481c0c5a1cca5279c3aacfe91c6,10.0,190,71,8,71,121,1571.5210526315789
605308a2fcb585adb29bd7cc4dc153faa8ab9702,9.0,141,55,4,55,116,1400.900709219858
60559a031815bb92037cb31299fdb443227a4e06,10.0,269,65,12,87,215,875.6245353159851
60c257442a0ef9aa6eb039f58c40be980bfe58b7,10.0,334,65,8,64,213,3380.005988023952
60cfc94f336b294be80a5215fcd8f9a8099011a2,6.0,258,79,12,79,160,1438.3837209302326
60da060bd0084795a07f5e69e6884f7870822cf6,5.5,154,41,4,41,108,1718.6948051948052
61291814d7295814cfccb336e38a08ceb9c7aba9,9.5,108,53,7,53,93,3059.8703703703704
6154c47df672f6768571f878e472ff2808274cda,9.5,308,99,5,99,220,233.9155844155844
616bff7fefe77a5e5618f600b39cc1002b71867c,8.5,428,107,11,107,356,1048.8434579439252
6199c36a1e584c7a1d0d4d20a1d98f19f9d05785,10.0,493,93,10,101,406,2705.661257606491
61e1c151f6a90ea5a2f33930ed70e5a9f39b681f,10.0,172,84,7,84,143,1538.5755813953488
62762af72b006f671d4b9efe867e66312408723f,5.0,128,47,7,50,92,3491.5546875
6288d80ce9cf4d608eb41dc28dba194b1851dec5,7.0,212,60,6,59,177,539.9764150943396
629ae2687f58e75ac2bebadf8adb71b3fdbd7c11,7.5,407,110,5,110,260,1027.3513513513512
62b127e475e6cafbc1906e6fa5cae8d7b4da3ceb,5.0,119,40,5,40,97,917.310924369748
62b816d8d256303699a90dcb83b99804366a17bf,9.5,124,51,6,50,114,4675.2338709677415
62bc28e18de640d9831303f80a4e44c352fb6170,10.0,299,104,10,104,250,2969.0903010033444
62c35ca39326ade9737d75b21c46054e64ab67f9,7.0,134,46,9,49,95,3927.223880597015
62cba18268cc16143359b59ebc94adf65af340a4,9.0,310,82,8,84,246,2561.625806451613
62cf219990f892f13b18fb0ec1f08a2aebdae0ad,5.5,128,59,5,59,115,961.859375
62fc0f9bb12436fd47d1b4750e4f17601ca459d5,7.0,72,25,10,24,50,530.0277777777778
63b684c9976d06a32dbcdc4685592cd713f9121e,10.0,1,1,1,1,1,24.0
63de421fb8d11a118ae783980d2e204b71e4f2d9,10.0,275,98,10,98,223,438.2836363636364
6405b9839b0179e5307afdb5117992033c2a9cbd,9.5,457,102,11,102,372,2543.37636761488
643e211337d8d4a3d2c12ab4ba804814dd977354,8.0,280,67,9,76,243,1693.4178571428572
6451995ad71437eece77b5677b3d5eead3b2d45c,5.5,201,98,14,98,188,2126.10447761194
646c8737a68c560054cc624da19920821d13990f,6.0,191,100,6,101,156,660.2670157068063
6475c391e6ec554f2bbe5a6460e5962a4af5ac65,10.0,68,30,1,30,56,432.2058823529412
647dd6aaab297d6a9328c244eec940904d58293b,4.0,201,46,4,46,157,2471.800995024876
648b6d4b1c95ee18825cb3cdd69c033a10f3633e,9.0,177,71,5,71,143,3174.7514124293784
64bb0d71f782349bd0bce3ba44cf9b454bd46cfd,9.5,559,62,4,62,413,1756.5491949910554
64c207f458782b92f681bc496f8a6763ac3b99c2,10.0,228,60,5,59,174,1277.1315789473683
64d07438f7fbb0b4c2fece774289f09dbdf9de5f,9.0,35,11,5,11,30,1155.7428571428572
6501a3dcdb9e3c5904a5820607f6ee354bbe0131,7.0,378,117,7,122,307,2605.621693121693
653de78f41ee12882a2cbc4177fb3c4e5c3eac28,8.0,8,5,1,5,0,0.875
655f5a83c42ccc83c7c0ac2caa5cd8237e685751,9.0,206,89,18,89,172,3538.9077669902917
661f15eb45462975429d17bf60fc64df4cae4431,10.0,202,50,7,54,182,172.5049504950495
665aee398dbb98e56d2f171ef0bee4f6fedeac43,7.0,196,84,5,87,160,1040.34693877551
66735c0721a73fb4dd487e32adafb82c6016e6ea,9.0,117,50,7,50,105,4641.692307692308
66740228a725504db879896a9c28c03676fef710,3.5,97,42,7,42,83,3156.309278350516
66caffe338b5140bd8ac35fd0000f867266bd08a,9.0,153,63,4,63,139,1318.0915032679738
66f103845d668685765328530c0aa2d71a0ce0d4,10.0,7,2,1,2,7,64.42857142857143
67118839ce79eab31a505fa22d378ff420ce006d,9.5,65,29,5,29,51,363.8769230769231
6729764776215a0456ef5332c5168b4db29314b4,9.0,141,63,4,63,132,1241.1985815602836
673ca800a97efc5b14397e331006ebe67258bf1d,10.0,3,1,1,1,3,38.333333333333336
67b7c9f4a952be9c0f4759e1991d86a3e1fbbe58,1.5,78,11,2,10,22,161.80769230769232
67d64015616b9e7f49e213890b7b93a2f8796f07,9.0,455,117,21,118,394,2586.410989010989
6881032aa20fa792984ffb15d6b043b4228c1070,8.0,586,108,7,110,488,2909.0409556314
68c8fbedb26cd1376389edb04626dbeb90a065a0,9.0,203,59,9,64,170,3131.3743842364534
68f0e46e53ed6791407294aa4e797d7d17a2b677,8.5,90,40,6,40,83,4043.811111111111
692e213a160245cc3c07bc300b6ada19b15089e4,8.5,155,75,8,75,128,1913.4064516129035
692e3639f044b1dedc30d8b3a870bbe922a675fb,9.0,407,89,10,89,323,2790.911547911548
6941ef044510999dfc8a269ea9255f7b93505147,9.5,437,77,13,89,385,383.7780320366133
694d92685feec07c62b8aa4ccb73b39390f88515,8.0,125,46,7,47,113,3328.864
697092af2e2891b76d0890069566c03468f975c0,10.0,166,59,5,59,135,1962.8192771084337
6976ed8694419b21b0f2302b6d9db629ce0412e5,9.5,121,48,6,48,92,3049.3305785123966
6978f24f45757e6d0c3a352bf35d073d14b46c6a,10.0,175,49,6,60,149,1113.4171428571428
69826691e86b5085226acbcace467f656b83880e,9.5,233,104,11,104,195,2285.1545064377683
6988cfcd0c8de2ee3ceb97a74aec90558ff0e26a,9.5,229,104,11,104,206,3213.803493449782
69b200a293efc47d832e89333a4adff338261538,5.0,149,82,13,82,139,2236.040268456376
69c377ef0f1c724f59024bd4c2a7fa5d36e50432,9.0,341,60,5,59,149,1780.9882697947214
69eda57c9ffdf6f26c5dda66863ef865d07195d2,9.0,109,48,11,54,94,3574.908256880734
6a24473bc7b7d3e0a711d9195d9f792a24352436,10.0,228,69,9,78,204,1820.0263157894735
6a321021dc357c030017f099c3d1b430bb0d1b65,6.0,112,48,5,48,92,3516.2678571428573
6a535ac087403316d625c2ed4d5108d7d2d21edb,9.0,343,110,11,110,273,2078.6938775510203
6aea2ab4cff49df8f384b81558264c1390a8cf06,7.0,493,59,5,59,313,1315.9675456389452
6b05f3073cf136c387ede39d4e605eefa19a4886,5.5,201,65,14,66,163,2703.89552238806
6b1996be827950638657d6f5a23f4ab8a5a13be5,10.0,291,90,10,90,242,2626.505154639175
6b8a39007e56cacf54e6520da942fdb70d8d588e,8.5,172,95,10,95,139,2804.8023255813955
6bdbd12c28f576e6dc4242177fbf9829e65c4726,8.5,149,45,9,46,129,3023.630872483221
6bdf2586c97f0954e728ef8a9ac5248d4c8270c1,9.0,104,45,6,45,88,4933.576923076923
6c374b4a75105783a809e8b6ba468da3200d0c1a,9.5,129,61,4,61,114,2882.84496124031
6c468e0d90bf790fd74609738544edd3f0e5c74c,10.0,281,96,11,96,227,1610.3985765124555
6cbee42bf7c6251711a38683e4e1d6b15533f5a5,7.0,302,102,6,104,243,6233.347682119205
6cd8d19ff2089fdfa9cdcd521a40b1e247c17cd1,10.0,468,103,10,103,380,3193.004273504273
6cecf8c09c3c7ca888a6e3fc2ede03a820c9c82b,7.0,156,65,4,65,129,3459.621794871795
6d7ea5662a0aadc0fee9f82c02aa5e54da77f277,9.0,156,38,4,38,132,2666.0705128205127
6dc988c0cbd4f0ba3d2217d8b84911b6a8d81c47,10.0,12,2,1,2,12,1038.0
6dda317baa40f25506c299715efce489b916e52d,7.0,333,113,7,115,299,5141.186186186186
6dff6f1ca71378339e605de17936cff49dca5486,7.5,210,84,12,85,186,2789.7
6e849b2924dd2fc0a7efc8ef0a5f614ce2409b4f,9.0,229,42,5,51,180,1208.9781659388643
6ec34c1674a54a0b43f8bc4570e2188a4937da15,10.0,262,78,7,78,223,2702.3167938931297
6eca9c1b4a046e9ceb3db39e478ccaa393117c3f,3.5,119,40,6,41,104,5753.588235294118
6eef887d0fd74edee1667f50dce5b41efbe0a180,8.0,98,60,6,60,88,885.6020408163265
6f52fb961b947325347f9303798fa6066967e407,9.5,132,87,11,88,126,2477.6439393939395
6f5b8f8813e31d5f85f814585ee37e835a6c766b,9.0,457,104,5,105,324,2126.1269146608315
6f99a507851fb9a8ae9776ede538789cae61a22a,6.5,97,41,7,41,68,1175.6288659793815
6f9c45656b2c3a8cd9c394c878d0ec7d738be090,8.5,141,70,11,69,115,3885.113475177305
6fa8cdf96032a061ee3b601ee76a28dce25f4735,7.0,329,107,7,124,242,2253.276595744681
6fc4ddeb8a68d05ed8084b0d59d038f3649c10d9,8.0,148,48,6,51,126,8731.43918918919
6fda7242d55963e0014a8741b5fdd1bd4c34019f,8.0,45,25,9,25,43,2335.511111111111
701f03bc7072ef7b0114a4769bc8955e5e5c9af2,10.0,47,10,5,10,33,3923.127659574468
70442b24f09aaf25882d54ff0ec72738c00a41df,10.0,2,2,1,2,2,41.0
70586c4437f01c7ae612aa151f53958ac10a412e,9.0,694,115,20,116,560,2379.897694524496
705c7f16ba723569db2002204ff748355ef80e75,5.0,156,43,4,42,91,1508.1346153846157
70b721dc3c7f45470e2eee858547f0546801327b,8.5,244,98,11,98,202,3571.3934426229507
70cd793e026c0616c0a8186a1f2c5fa6d8816b49,9.5,291,89,10,89,227,878.0171821305842
710b29019a8c45dfca3eec6a5a92b7d3bfc06cb9,8.0,146,50,10,51,114,1352.0068493150684
7121c17a0f6576cafa8c7c029158ad3a81873411,8.5,345,71,10,71,241,3035.472463768116
713487f0de26590bca3c759e2fef02b3a5bad9fd,10.0,1,1,1,1,1,8.0
713e625391a72ed8f0780919b1c3e45af56ff94b,8.5,152,49,6,50,135,3769.434210526316
7171736c863d464860b4e3f674d78a101f12de4d,9.0,52,24,9,24,49,3412.730769230769
71c2d42bc4f81d5dcabf57d19f862a3b781ebbbf,8.5,105,44,5,58,86,2299.733333333333
720ce5dcaede4e84cbbe7874961853e416f0d2a2,10.0,209,101,11,101,163,3526.9186602870814
7277ea28c0232720e23ee3ba0dcbb84a273aa53c,10.0,307,67,11,77,255,3286.410423452769
72d8b05bb5beafe074185bec53d1c5338009a0cf,6.0,129,62,9,63,100,4547.178294573643
72ea15c6a9c0f4f176da99e9dfd445b347c2e219,7.5,587,113,18,114,434,3323.6541737649063
72ebebdb431cf5dbd216ed0c16660f40a963b082,10.0,255,89,10,89,223,2063.6823529411763
7316452530dd2fb2eb68d1fffeebef98bb730ae0,9.5,145,53,7,55,115,3486.4
7323f16fa1027607f3f63cedb1cf2fea83dfcf76,8.5,255,68,10,76,228,3354.486274509804
73351e7d3ace1ea88b52e895d6fccc2f2bee88f3,7.0,324,72,12,73,259,2256.601851851852
7341e1b59de6c74569853631605d1dc2d2da2e0a,8.0,112,20,2,20,61,97.25
739d06c41287f6661d2c1879f42b56d45454e815,8.5,28,23,3,23,26,37.42857142857143
73a272eb71cab822302a981b1748230c3ec8b8ef,7.0,244,104,7,109,204,2687.44262295082
73af3f8e00b50a4444bbbb431c83075dfde4cbd6,10.0,9,7,1,6,9,533.6666666666666
73c938c3db512a2d6b136fa924a8ed2e608b7790,9.0,228,101,6,104,178,4624.627192982456
73ffb966a8305f3cc46f3447459b4224128cd53b,9.0,285,64,4,64,247,1380.256140350877
74381df8a16f12280ebd12d45f8fff4fbcbcc4c8,6.5,373,124,20,125,333,873.0857908847184
746be138d650a2627e814da73cf09cfbf3127bd4,4.0,18,3,1,3,14,201.33333333333331
7480543e3bc777391a4c3f06cb1c03920f6fa2a4,9.5,209,110,5,110,195,5003.44019138756
749e9b42869140690bb32bb198ccab1f899cc36c,9.0,181,66,4,66,153,1810.5745856353592
74ca49651c685988e265884821dcfe0961a1ebdf,7.0,3,1,1,1,0,276.0
759ad13a7de3fc28a9ab95c56d2845442528e907,7.0,337,78,6,78,253,1352.3976261127596
75aa1fd61921d68f59be09d2146a4b2b9442f41f,8.0,74,27,5,29,54,2525.108108108108
75b4f05700440a54255124cf44b8ca0d4252df85,10.0,460,120,12,122,388,2382.978260869565
75c2aec59b46e4c6745540c0af596b8cc6db5cb5,6.5,191,58,11,62,157,1719.0523560209424
761459daa69061bdf66d850ebf8877f0c84e48ae,3.0,1,1,1,1,0,1.0
76578f23a12fae71dcf7aff5aa48a7ace122f5f2,8.0,204,68,9,76,180,2145.8676470588234
766fb145487f13f1cbb3fae79c2345c8786c1542,9.0,531,104,11,104,403,1411.0225988700563
769df9fad97e6d153e170a9ec41e33e8410f4b6b,7.0,200,100,6,100,173,1307.6
76a99a326da360af0510be654283819bb4717d9a,10.0,345,77,11,79,319,1983.8376811594203
76adaa79b0d19f7d32da3bf027c2b4fb995952ec,10.0,162,61,11,70,140,2075.746913580247
76cd92b2caf3ba3f11f97bcf4e037fae81122578,9.5,225,59,5,59,169,1744.12
76f5d35cd62f4c2d48632c8b82a04bed0e161226,9.5,416,98,10,98,318,1297.3317307692307
77051baba74aab402905de65e8e0bf18e2907ca8,9.0,432,67,9,75,353,1571.0717592592594
771f7a4ff0b16239a5f4a828485e057bd3069308,5.5,298,97,13,97,203,1820.258389261745
77454c216b4f9b1e291fea17f31a824ef4d0a4a6,10.0,249,81,9,81,192,2767.9196787148594
77f0f8d9b0f3d59cd0bb01ae985a5ada6fc14dc1,10.0,286,97,10,97,239,1465.9195804195804
7808a1989290cbf25b57bd60e74c56662eeba656,7.5,137,30,5,30,87,2422.6350364963505
78269c872dcec789b204623749f7d1bae813fe49,10.0,4,3,1,2,3,197.75
7855b4de6d964e1f7477a3a40d384de9f4602f49,8.0,414,91,16,92,348,2072.9444444444443
785b27857468f61bde60ab25c5509e8ed38155d7,10.0,170,70,6,70,138,383.1058823529412
787ac9013d322ae24dda40f918c05f9fe47601ca,10.0,39,15,1,15,27,5148.0
78ca432228d8679112c09d9b3d50491c5539681a,10.0,3,2,1,2,3,71.33333333333333
78d8860538c6853a9c13a0c232dadcfa0d516f08,9.0,184,101,15,101,151,1833.3478260869565
78ede02e6c03a1eb32ff3f464f4f7ae3e6510766,9.0,169,38,12,38,117,1085.4674556213015
791e60a07f6b6776d54f791791828b1895c9b670,4.0,48,26,5,26,29,714.7708333333334
7953012ece7e7f5c184ec3ce99de925dc01c46ef,9.0,346,109,5,110,286,2178.9884393063585
797a55490bd05c98e9b604b19c3ab90125c9431b,9.5,68,41,6,41,60,366.6911764705882
7985b1dc9dd0dab814afa417245073d1d74f85ea,9.0,263,61,4,61,156,1406.0760456273763
79a8ea0acc62c00cbe9e6899917fdd233232ee12,9.0,190,71,5,71,166,336.41052631578947
79c48e970f8b0e7a0e074bf7f0a3f201737dde3c,9.0,170,58,9,63,100,2961.470588235294
79f071f88a5c4c3bd278b93f9f622e90e15a10f0,1.0,1,1,1,1,0,6.0
7a0e5d245539a1b2906358ad255a4375f914d37c,9.0,161,56,5,60,124,862.3726708074535
7a7bd043dfb44f7b90dcb37b669e89afcd79d234,4.0,43,27,5,27,36,489.6046511627907
7adf3466bea259fdaa24fa131ca2c4d63e9a59e6,6.5,206,44,7,44,155,1661.8543689320388
7adf5597380b3d9048a47387095d5342a24c07da,8.0,113,57,7,56,79,1972.1769911504423
7b27fcdea3732f654b3a3cb4ee1517e8203645a2,9.0,154,53,9,69,125,1398.8961038961038
7b3d30b5f05d1acd3bd4979bd8e18efaafdcbc62,6.0,339,59,5,59,247,1914.9911504424776
7b6c995004d7267af856efa19b12c7455bccdbd8,8.5,181,83,9,83,134,4645.983425414364
7b7d0625e7d073af7c6fa7c1df5ca43ab1232aba,9.5,3,2,1,2,3,49.0
7bb8bff124f651711732b84262474e1acba69082,9.0,100,48,6,51,85,2328.68
7cac45d03854038e6854f5b1843cd491021f94bd,7.5,224,40,6,40,150,2930.0401785714284
7d111d42f139f151fc24ddcd89c3064467ebceb8,7.5,220,81,12,81,199,2020.6772727272728
7d9accfb703fb86e2d5f39929309e7f273b46c79,9.0,11,7,2,6,11,1511.909090909091
7dc6bcdd4ba4cc84cdbf70b50cb26a72cec3db1e,7.5,408,89,16,89,349,1771.9411764705883
7dee913006479ffaff17ebed5a0b172112a0e115,9.0,215,55,9,70,184,1154.3953488372092
7df2a39d7e572a525fc26d9633039d83b900ed61,9.0,133,62,5,62,108,1367.015037593985
7e4e1a800af30eb9922c09f9d751b0873e0dc467,9.0,194,51,6,51,143,1560.09793814433
7e585ba8095284ba4d7f920b37ee3e76ab6caa4c,3.0,295,37,4,37,219,1018.6440677966102
7e783577c8297bd74f8f12a2d4787f9cdfdfee02,6.5,141,82,5,82,117,129.4326241134752
7ee4cfff4c6cd84aa82b14208a75df86bcff9fba,9.5,230,98,8,102,206,2295.0913043478263
7eeef145cb4a17be79b2251b164bcaf5d15a4995,9.0,231,101,5,100,169,2533.1082251082253
7f2bf222342aac2992fe15f12039b9f7123524c6,9.0,339,71,5,71,274,545.1681415929204
7f5f84b208b2889ece946b277eaca95d838072bd,10.0,266,109,11,109,218,2015.124060150376
7f8b72d92d190113dbc807befe9e8033ecdda75f,10.0,514,111,12,113,430,1890.3501945525293
7faa61077b62629df7a5b7c828f98b2337a2dfdb,9.5,217,82,9,82,163,2632.4193548387098
80212c0b606f5dcba043483a07f677a5455c3901,9.0,74,24,8,24,68,3880.689189189189
802b44166f1c38ec00397c57abdf65b7596b9f0e,7.0,175,65,9,67,137,1434.4114285714286
806b5e171e5cd80e62cc28bc7fb644f6b50399de,8.0,35,19,7,19,31,266.0857142857143
80a1456c85989c36b524eb16f1afdfa2c5480121,10.0,265,66,10,72,236,2490.5962264150944
80c6f8b8c212e86aac90ea06ba6dff1bad8b5541,7.0,183,102,6,105,147,3492.846994535519
80cb3c3cef8030674baa141475951b20ae73089a,5.0,210,65,5,65,180,1382.895238095238
80dd54e80df2e8833ebb3927fd55a514dcfe637d,8.0,263,66,4,66,220,1203.9885931558936
80fc80505e08153a938e34945ea74064467c5e12,4.5,92,34,5,34,75,2179.478260869565
8142efda300bc5bd5a3368d957f2904fb41a6062,10.0,31,19,4,19,27,30585.967741935485
816aa6a9aceb1014260977a52d4ad600065ed4d2,9.0,157,62,4,62,136,1908.3375796178343
816dc441871b06aa3616402b7d2635c5b77f3d8f,9.5,433,113,6,118,340,1002.175519630485
81f9930593d1612075b0a4831e1219e9ebbe5aac,7.5,280,113,6,118,225,3288.703571428572
81fbb8b81316a0ddabd7838b1b9ecfaee762f70f,7.0,144,61,6,60,133,2048.090277777778
81fcf2e137c8587b8663ffec7ba1d8184be705b7,8.5,63,47,8,47,49,132.31746031746033
820104bdd2c9a722be349ae3a23eb42926eac969,2.0,95,27,3,27,68,1693.9052631578948
825e4001677d8644d6df773aea2f924c45d47318,9.0,301,61,6,61,194,1008.9003322259136
82ab2a968469bfa6a3dd02ca619f80a440ff3b98,10.0,13,7,2,7,10,68.61538461538461
82edc69e489959e8b7453b8e3c89c11f2e3e4830,9.0,151,70,10,70,102,1499.1854304635765
82f9404672305675b631cad221087429c078b8ea,9.0,129,39,7,43,82,1822.0852713178292
8319f9e5000e715c176f1de5d0e33da0b25481f3,5.5,250,86,13,89,198,2843.124
835496e3328ccd7ac2ffed3867840e1dce5da83f,8.0,321,89,18,93,253,2038.04984423676
83c0d2f69c3628797f0d6f343c4cd6276dc9d15e,5.5,192,89,12,91,163,2041.9427083333333
83d335d59714648643c6ca68c522a9a37bc9d8ae,4.0,83,32,6,33,66,1747.289156626506
83e22c7d80399e360122a5d33f26844b8c04a6af,9.0,51,16,6,16,40,992.313725490196
83e4ca230ab9b35d221d09d335850af44966b772,6.5,3,2,1,1,2,1162.3333333333333
840d07858c03f80f4695056e2cc7d0c474b83a25,9.0,111,43,6,44,81,1938.3783783783783
844f5db2e7e31ae51eba025480679ed7e4708ac6,8.0,357,104,17,104,254,2672.529411764706
845acd04a77b3d1b623f255d9f9f8eae90892dab,6.5,155,52,8,53,117,2386.625806451613
8460eaaf887a6289fb156f7562fb739ba8e9629e,10.0,557,114,12,115,416,1813.294434470377
8481a7f00c3d30473b01a8a3cff2564948d24902,8.0,54,24,4,24,35,314.25925925925924
